model_name,mae,rmse,mape
ridge_regression,12747.087964485561,16406.984318818057,0.21944009363298211
linear_regression,13640.82169452098,17519.204964954606,0.2211268060154822
random_forest,15286.717236306446,18081.56776310974,0.26470337242586645
gradient_boosting,15296.519300853513,18067.89359653353,0.2828373461644173
baseline_rolling_3,18787.411111111116,25181.42921263616,0.4303520892893467
